{
  "message": "Pavlovich Yan Andreevich",
  "hash": "sha256",
  "iterations": 5,
  "parameters": {
    "rsaBits": 2048,
    "groupBits": 2048,
    "p": "27065391307267775796808472655994546259113673818710327062189524017748497549577397956951888030687456648011605171329241635010554473066727574961193265843829343854351868550809451144310757196644740089977361509701711939928262068447837119892337207559536440756265683841711609279685820497081931002803815194974750025353450316121099826969360574641420302714648539288707806444399945444498546839817802863769878790996028966629029762687879704543392518069798106020496167699051347750335732876660110883556653283206223457677485260202150053201069454272413933227907990299115651357379751205718171106350278418910371072699021332869579672135339",
    "q": "13532695653633887898404236327997273129556836909355163531094762008874248774788698978475944015343728324005802585664620817505277236533363787480596632921914671927175934275404725572155378598322370044988680754850855969964131034223918559946168603779768220378132841920855804639842910248540965501401907597487375012676725158060549913484680287320710151357324269644353903222199972722249273419908901431884939395498014483314514881343939852271696259034899053010248083849525673875167866438330055441778326641603111728838742630101075026600534727136206966613953995149557825678689875602859085553175139209455185536349510666434789836067669",
    "g": "4"
  },
  "generation": {
    "group": 13366.388881,
    "rsa": 53.836605,
    "elgamal": 13381.975223000001,
    "schnorr": 13380.975036000002
  },
  "results": [
    {
      "algorithm": "RSA",
      "valid": false,
      "sign": {
        "meanMs": 0.7248583999999999,
        "minMs": 0.50107,
        "maxMs": 1.595278
      },
      "verify": {
        "meanMs": 0.08469320000000001,
        "minMs": 0.039007,
        "maxMs": 0.251688
      },
      "signature": "JQXwjq5bWnysfd3G8MtyjD/IB/EZdXsS7qQC2D9uno/aOHFzpzZ4ZyM1+t/k3ZPKi0F+yZS4IGuJpKP426stOodDWDlARBSA2Jwv1ZWxK32POB5YWXVl34Cg5TiND5x4jJH7Y97V2c/BrlZRghZfZVwZUk7/W+ymbyTTTlocFIX5YkkrFzjDR7nPNbC1EUa+1UhzGdCOeYf7qiwCQl/bFWwwsKPtRGLtxzmZgL9VCHIaVBX0QXEKJFbJf/Uy4f+VSu7SAT/CcaCy6rHXXnr0Q9EqKgmhE4s/ruziUg9EsNmiZSFtJP/PMd8ceG4QIkBASa24SDFQzSZl3C4qOFmZNg=="
    },
    {
      "algorithm": "Эль-Гамаль",
      "valid": true,
      "sign": {
        "meanMs": 17.0452934,
        "minMs": 15.88401,
        "maxMs": 18.783188
      },
      "verify": {
        "meanMs": 30.928693600000003,
        "minMs": 30.443023,
        "maxMs": 31.36889
      },
      "signature": {
        "r": "11807217080464480261606150642682301832853854709237863334317354181114961071899270165736838612549988990997850986419994775444073258262070994461725939920719779646916263817393735360872094624260398995031246441862299263063079040998327621532721655479676828674555390611614386666568884482597022005263988065555937394960987411758315675790605405940368397254732967544397709698150499596613480674038871342234230847514571803846212790428181117026570921218191968707011890105446957589409001200033770508239000571159689125266136316008717457423417130693563721060745275515547639611105841556701759667747782713171968334471704411318769844738308",
        "s": "7136105642311716231569406126590256814039683893556569686620498178209757006790847407163307825787053450862520642578153481844532268513310209696967704850789990946390841682900286884529661202542560184737991875167893729147453839898702735455521187829331548540684363240253037022778315421451905141295314141507659743303156706815284771290275621771475620413228592600409042016707719003495675155640731718486894074224128031934033073581989666083099710217991376273233882297528550741556034731882860826035144083794326291454135812638158660800759062408498764086513045056057848455256944545402814913406832173620226575670241784150716847633755"
      }
    },
    {
      "algorithm": "Шнорр",
      "valid": true,
      "sign": {
        "meanMs": 14.4838322,
        "minMs": 14.063973,
        "maxMs": 14.913599
      },
      "verify": {
        "meanMs": 16.521359399999998,
        "minMs": 15.573258,
        "maxMs": 16.966969
      },
      "signature": {
        "e": "107030665914237368578646803775130040124792370245443997004945387436070351965781",
        "s": "5100995150301911297451256846151412878203360720191948878359060802849141762698733762389100766671964218914870208521889210393433685945635710852744777097906430606755778103633959857741354131728106388896186233786246733733626543838697051500969275240898625668003545653264329766525789221335852985800681615552002771698378392419182796712925008077977055134997161327714940930242201852547177856048474430348538246536786573128570882093946547643957607708476892821880471999076162755237162889788031464814522278249352589507020275132875759752325384267100835021287132173220293184168669215349559432388613249458262234935512759299550067836461"
      }
    }
  ]
}