{
  "variant": 9,
  "m": 399,
  "n": 433,
  "numbers": [
    399,
    433
  ],
  "intervalFromTwoToN": {
    "range": [
      2,
      433
    ],
    "count": 84,
    "values": [
      2,
      3,
      5,
      7,
      11,
      13,
      17,
      19,
      23,
      29,
      31,
      37,
      41,
      43,
      47,
      53,
      59,
      61,
      67,
      71,
      73,
      79,
      83,
      89,
      97,
      101,
      103,
      107,
      109,
      113,
      127,
      131,
      137,
      139,
      149,
      151,
      157,
      163,
      167,
      173,
      179,
      181,
      191,
      193,
      197,
      199,
      211,
      223,
      227,
      229,
      233,
      239,
      241,
      251,
      257,
      263,
      269,
      271,
      277,
      281,
      283,
      293,
      307,
      311,
      313,
      317,
      331,
      337,
      347,
      349,
      353,
      359,
      367,
      373,
      379,
      383,
      389,
      397,
      401,
      409,
      419,
      421,
      431,
      433
    ],
    "estimateByPrimeTheorem": 71.325763,
    "absoluteDifferenceWithEstimate": 12.674237,
    "timeMs": 0.143761
  },
  "intervalFromMToN": {
    "range": [
      399,
      433
    ],
    "count": 6,
    "values": [
      401,
      409,
      419,
      421,
      431,
      433
    ],
    "timeMs": 0.007753,
    "sieveCheck": {
      "values": [
        401,
        409,
        419,
        421,
        431,
        433
      ],
      "matched": true,
      "crossedByBasePrime": {
        "2": [
          4,
          6,
          8,
          10,
          12,
          14,
          16,
          18,
          20,
          22,
          24,
          26,
          28,
          30,
          32,
          34,
          36,
          38,
          40,
          42,
          44,
          46,
          48,
          50,
          52,
          54,
          56,
          58,
          60,
          62,
          64,
          66,
          68,
          70,
          72,
          74,
          76,
          78,
          80,
          82,
          84,
          86,
          88,
          90,
          92,
          94,
          96,
          98,
          100,
          102,
          104,
          106,
          108,
          110,
          112,
          114,
          116,
          118,
          120,
          122,
          124,
          126,
          128,
          130,
          132,
          134,
          136,
          138,
          140,
          142,
          144,
          146,
          148,
          150,
          152,
          154,
          156,
          158,
          160,
          162,
          164,
          166,
          168,
          170,
          172,
          174,
          176,
          178,
          180,
          182,
          184,
          186,
          188,
          190,
          192,
          194,
          196,
          198,
          200,
          202,
          204,
          206,
          208,
          210,
          212,
          214,
          216,
          218,
          220,
          222,
          224,
          226,
          228,
          230,
          232,
          234,
          236,
          238,
          240,
          242,
          244,
          246,
          248,
          250,
          252,
          254,
          256,
          258,
          260,
          262,
          264,
          266,
          268,
          270,
          272,
          274,
          276,
          278,
          280,
          282,
          284,
          286,
          288,
          290,
          292,
          294,
          296,
          298,
          300,
          302,
          304,
          306,
          308,
          310,
          312,
          314,
          316,
          318,
          320,
          322,
          324,
          326,
          328,
          330,
          332,
          334,
          336,
          338,
          340,
          342,
          344,
          346,
          348,
          350,
          352,
          354,
          356,
          358,
          360,
          362,
          364,
          366,
          368,
          370,
          372,
          374,
          376,
          378,
          380,
          382,
          384,
          386,
          388,
          390,
          392,
          394,
          396,
          398,
          400,
          402,
          404,
          406,
          408,
          410,
          412,
          414,
          416,
          418,
          420,
          422,
          424,
          426,
          428,
          430,
          432
        ],
        "3": [
          9,
          15,
          21,
          27,
          33,
          39,
          45,
          51,
          57,
          63,
          69,
          75,
          81,
          87,
          93,
          99,
          105,
          111,
          117,
          123,
          129,
          135,
          141,
          147,
          153,
          159,
          165,
          171,
          177,
          183,
          189,
          195,
          201,
          207,
          213,
          219,
          225,
          231,
          237,
          243,
          249,
          255,
          261,
          267,
          273,
          279,
          285,
          291,
          297,
          303,
          309,
          315,
          321,
          327,
          333,
          339,
          345,
          351,
          357,
          363,
          369,
          375,
          381,
          387,
          393,
          399,
          405,
          411,
          417,
          423,
          429
        ],
        "5": [
          25,
          35,
          55,
          65,
          85,
          95,
          115,
          125,
          145,
          155,
          175,
          185,
          205,
          215,
          235,
          245,
          265,
          275,
          295,
          305,
          325,
          335,
          355,
          365,
          385,
          395,
          415,
          425
        ],
        "7": [
          49,
          77,
          91,
          119,
          133,
          161,
          203,
          217,
          259,
          287,
          301,
          329,
          343,
          371,
          413,
          427
        ],
        "11": [
          121,
          143,
          187,
          209,
          253,
          319,
          341,
          407
        ],
        "13": [
          169,
          221,
          247,
          299,
          377,
          403
        ],
        "17": [
          289,
          323,
          391
        ],
        "19": [
          361
        ]
      },
      "timeMs": 0.165223
    }
  },
  "factorization": {
    "m": {
      "value": 399,
      "canonical": "3 * 7 * 19",
      "steps": [
        "399 / 3 = 133",
        "133 / 7 = 19",
        "19 / 19 = 1"
      ],
      "timeMs": 0.122149
    },
    "n": {
      "value": 433,
      "canonical": "433",
      "steps": [
        "433 / 433 = 1"
      ],
      "timeMs": 0.008124
    }
  },
  "concatenationPrimeCheck": {
    "value": 399433,
    "isPrime": true,
    "reason": "У числа 399433 нет делителей на отрезке [2, 632], значит оно простое.",
    "timeMs": 0.061401
  },
  "gcdResult": {
    "input": [
      399,
      433
    ],
    "result": 1,
    "steps": [
      "433 = 399 * 1 + 34",
      "399 = 34 * 11 + 25",
      "34 = 25 * 1 + 9",
      "25 = 9 * 2 + 7",
      "9 = 7 * 1 + 2",
      "7 = 2 * 3 + 1",
      "2 = 1 * 2 + 0"
    ],
    "timeMs": 0.054505
  }
}